Edit,Delete,id,name,email,gender,status
Edit,Delete,27650,Ramesh Dad,rameshda@gmail.com,male,active
Edit,Delete,30939,test_user_2,test+1628498301@b.com,male,active
Edit,Delete,30938,test user,test+1808847235@b.com,male,active
Edit,Delete,30919,test user,test+684128271@b.com,male,active
Edit,Delete,30912,test user,test+396357089@b.com,male,active
Edit,Delete,30869,test user,test+1777000495@b.com,male,active
Edit,Delete,30867,test user,test+580393710@b.com,male,active
Edit,Delete,30825,test user,test+85194392@b.com,male,active
Edit,Delete,30811,test user,test+538430003@b.com,male,active
Edit,Delete,30753,test user,test+784692242@b.com,male,active
Edit,Delete,30705,test user,a13322@b.com,male,active
Edit,Delete,30658,test user,a122@b.com,male,active
Edit,Delete,30609,test user,a12@b.com,male,active
Edit,Delete,28614,Kishor Don,kishorD@gmail.com,male,active
Edit,Delete,19237,Mahesh Des,uhahsjfhjsf@gmail.com,male,active
Edit,Delete,2199,Subhashini Kakkar,subhashini_kakkar@paucek.name,male,inactive
Edit,Delete,2198,Aagney Chaturvedi IV,aagney_chaturvedi_iv@boehm-farrell.org,female,inactive
Edit,Delete,2197,Bhoopati Somayaji,bhoopati_somayaji@gleichner.biz,male,inactive
Edit,Delete,2196,Bandhu Panicker II,panicker_bandhu_ii@kertzmann-runte.info,female,inactive
Edit,Delete,2195,Deevakar Johar Esq.,deevakar_johar_esq@bode-nicolas.name,female,inactive
